hpweren_camera_description,station,dir,cam_lat,cam_long,fov_right,fov_left,intersections,num_intersection
Big Black Mountain,bm,n,33.15992729,-116.8080915,"(-116.53039150000001, 33.43762729)","(-117.0857915, 33.43762729)","[('bl', 'n'), ('bl', 'e'), ('ch', 'n'), ('ch', 'e'), ('bh', 'n'), ('bh', 'e'), ('bh', 's'), ('bh', 'w'), ('cp', 'n'), ('hp', 'n'), ('hp', 'e'), ('hp', 's'), ('hp', 'w'), ('mg', 'n'), ('mg', 'w'), ('wc', 'n'), ('wc', 'e'), ('rm', 'e'), ('rdd', 'n'), ('rdd', 'e'), ('vo', 'n'), ('vo', 'w'), ('sojr', 'n'), ('sojr', 'e'), ('sojr', 's'), ('sojr', 'w'), ('tp', 'w')]",27
Big Black Mountain,bm,e,33.15992729,-116.8080915,"(-116.53039150000001, 32.882227289999996)","(-116.53039150000001, 33.43762729)","[('bh', 'e'), ('bh', 's'), ('cp', 'n'), ('cp', 'e'), ('hp', 'e'), ('hp', 's'), ('pi', 'n'), ('lp', 'n'), ('lp', 'e'), ('mg', 'n'), ('mg', 'e'), ('mg', 's'), ('mg', 'w'), ('ml', 'n'), ('ml', 'w'), ('mlo', 'n'), ('mlo', 'w'), ('wc', 'e'), ('vo', 'n'), ('vo', 'e'), ('vo', 's'), ('vo', 'w'), ('sojr', 'e'), ('sojr', 's'), ('tp', 's'), ('tp', 'w'), ('ws', 'n')]",27
Big Black Mountain,bm,s,33.15992729,-116.8080915,"(-117.0857915, 32.882227289999996)","(-116.53039150000001, 32.882227289999996)","[('bl', 'e'), ('bl', 's'), ('ch', 'e'), ('ch', 's'), ('bh', 's'), ('cp', 'n'), ('cp', 'e'), ('cp', 's'), ('cp', 'w'), ('hp', 's'), ('pi', 'n'), ('pi', 'w'), ('lp', 'n'), ('lp', 'e'), ('lp', 'w'), ('mg', 's'), ('mg', 'w'), ('ml', 'w'), ('mlo', 'w'), ('sm', 'n'), ('sm', 'e'), ('wc', 'e'), ('wc', 's'), ('rdd', 'e'), ('rdd', 's'), ('sdsc', 'e'), ('vo', 's'), ('vo', 'w'), ('sojr', 's'), ('ws', 'n'), ('ws', 'w')]",31
Big Black Mountain,bm,w,33.15992729,-116.8080915,"(-117.0857915, 33.43762729)","(-117.0857915, 32.882227289999996)","[('bl', 'n'), ('bl', 'e'), ('bl', 's'), ('ch', 'n'), ('ch', 'e'), ('ch', 's'), ('bh', 's'), ('bh', 'w'), ('cp', 'n'), ('cp', 'w'), ('hp', 's'), ('hp', 'w'), ('lp', 'n'), ('lp', 'w'), ('mg', 'w'), ('sm', 'n'), ('ms', 'n'), ('wc', 'n'), ('wc', 'e'), ('wc', 's'), ('wc', 'w'), ('rm', 'e'), ('rm', 's'), ('rdd', 'n'), ('rdd', 'e'), ('rdd', 's'), ('sdsc', 'e'), ('vo', 'w'), ('sojr', 's'), ('sojr', 'w')]",30
Black Mountain,bl,n,32.9814172,-117.1164798,"(-116.8387798, 33.259117200000006)","(-117.39417979999999, 33.259117200000006)","[('bm', 'n'), ('bm', 'w'), ('buff', 'e'), ('buff', 's'), ('ch', 'n'), ('ch', 'e'), ('ch', 's'), ('ch', 'w'), ('bh', 'e'), ('bh', 's'), ('bh', 'w'), ('cp', 'n'), ('cp', 'w'), ('hp', 's'), ('hp', 'w'), ('mg', 'w'), ('ms', 'n'), ('wc', 'n'), ('wc', 'w'), ('rm', 'e'), ('rm', 's'), ('rm', 'w'), ('rdd', 'n'), ('rdd', 'e'), ('rdd', 's'), ('rdd', 'w'), ('sclm', 'e'), ('sdsc', 'e'), ('sjh', 'e'), ('sjh', 's'), ('vo', 'w'), ('sojr', 'w'), ('marconi', 'e'), ('marconi', 's')]",34
Black Mountain,bl,e,32.9814172,-117.1164798,"(-116.8387798, 32.7037172)","(-116.8387798, 33.259117200000006)","[('bm', 'n'), ('bm', 's'), ('bm', 'w'), ('ch', 'e'), ('ch', 's'), ('bh', 'e'), ('bh', 's'), ('cp', 'n'), ('cp', 's'), ('cp', 'w'), ('hp', 's'), ('pi', 'n'), ('pi', 'w'), ('lp', 'n'), ('lp', 'w'), ('mg', 's'), ('mg', 'w'), ('sm', 'n'), ('sm', 'e'), ('ms', 'n'), ('wc', 'n'), ('wc', 'e'), ('wc', 's'), ('wc', 'w'), ('om', 'n'), ('rm', 'e'), ('rm', 's'), ('rdd', 'e'), ('rdd', 's'), ('sdsc', 'e'), ('vo', 's'), ('vo', 'w'), ('sojr', 's'), ('sojr', 'w')]",34
Black Mountain,bl,s,32.9814172,-117.1164798,"(-117.39417979999999, 32.7037172)","(-116.8387798, 32.7037172)","[('bm', 's'), ('bm', 'w'), ('ch', 's'), ('cp', 's'), ('cp', 'w'), ('pi', 'w'), ('lp', 'w'), ('sm', 'n'), ('sm', 'e'), ('sm', 'w'), ('ms', 'n'), ('wc', 's'), ('wc', 'w'), ('om', 'n'), ('om', 'w'), ('rdd', 's'), ('sdsc', 'e')]",17
Black Mountain,bl,w,32.9814172,-117.1164798,"(-117.39417979999999, 33.259117200000006)","(-117.39417979999999, 32.7037172)","[('buff', 's'), ('ch', 's'), ('ch', 'w'), ('bh', 's'), ('bh', 'w'), ('sm', 'n'), ('sm', 'w'), ('ms', 'n'), ('wc', 'w'), ('rm', 's'), ('rm', 'w'), ('rdd', 's'), ('rdd', 'w'), ('sclm', 'e'), ('sclm', 's'), ('sdsc', 'e'), ('sjh', 's'), ('marconi', 's')]",18
Buffalo Bump,buff,n,33.42835888,-117.3825282,"(-117.1048282, 33.70605888)","(-117.66022819999999, 33.70605888)","[('chino', 'e'), ('chino', 's'), ('rm', 'n'), ('rm', 'w'), ('sclm', 'n'), ('sclm', 'e'), ('sjh', 'n'), ('sjh', 'e'), ('stgo', 'e'), ('stgo', 's'), ('stgo', 'w'), ('signal', 'e'), ('starr', 'n'), ('starr', 'e'), ('starr', 's'), ('starr', 'w'), ('marconi', 'n'), ('marconi', 'e')]",18
Buffalo Bump,buff,e,33.42835888,-117.3825282,"(-117.1048282, 33.150658879999995)","(-117.1048282, 33.70605888)","[('bl', 'n'), ('ch', 'n'), ('ch', 'e'), ('bh', 'n'), ('bh', 'w'), ('hp', 'n'), ('hp', 'w'), ('wc', 'n'), ('rm', 'n'), ('rm', 'e'), ('rm', 's'), ('rm', 'w'), ('rdd', 'n'), ('sclm', 'e'), ('sjh', 'e'), ('stgo', 'e'), ('stgo', 's'), ('starr', 'e'), ('starr', 's'), ('marconi', 'e')]",20
Buffalo Bump,buff,s,33.42835888,-117.3825282,"(-117.66022819999999, 33.150658879999995)","(-117.1048282, 33.150658879999995)","[('bl', 'n'), ('bl', 'w'), ('ch', 'n'), ('ch', 'e'), ('ch', 'w'), ('bh', 'w'), ('hp', 'w'), ('wc', 'n'), ('wc', 'w'), ('rm', 's'), ('rm', 'w'), ('rdd', 'n'), ('rdd', 'w'), ('sclm', 'e'), ('sclm', 's'), ('sjh', 'e'), ('sjh', 's'), ('starr', 's'), ('marconi', 'e'), ('marconi', 's')]",20
Buffalo Bump,buff,w,33.42835888,-117.3825282,"(-117.66022819999999, 33.70605888)","(-117.66022819999999, 33.150658879999995)","[('ch', 'n'), ('ch', 'w'), ('chino', 's'), ('rm', 'w'), ('sclm', 'n'), ('sclm', 'e'), ('sclm', 's'), ('sclm', 'w'), ('sjh', 'n'), ('sjh', 'e'), ('sjh', 's'), ('sjh', 'w'), ('stgo', 's'), ('stgo', 'w'), ('signal', 'e'), ('signal', 's'), ('starr', 's'), ('starr', 'w'), ('marconi', 'n'), ('marconi', 'e'), ('marconi', 's'), ('marconi', 'w')]",22
Coronado Hills,ch,n,33.11062723,-117.1529606,"(-116.8752606, 33.38832723)","(-117.4306606, 33.38832723)","[('bm', 'n'), ('bm', 'w'), ('bl', 'n'), ('buff', 'e'), ('buff', 's'), ('buff', 'w'), ('bh', 'n'), ('bh', 'w'), ('hp', 'w'), ('mg', 'n'), ('mg', 'w'), ('ms', 'n'), ('wc', 'n'), ('wc', 'w'), ('rm', 'e'), ('rm', 's'), ('rm', 'w'), ('rdd', 'n'), ('rdd', 'w'), ('sclm', 'e'), ('sjh', 'e'), ('vo', 'w'), ('sojr', 'w'), ('starr', 'e'), ('starr', 's'), ('marconi', 'e'), ('marconi', 's')]",27
Coronado Hills,ch,e,33.11062723,-117.1529606,"(-116.8752606, 32.832927229999996)","(-116.8752606, 33.38832723)","[('bm', 'n'), ('bm', 's'), ('bm', 'w'), ('bl', 'n'), ('bl', 'e'), ('buff', 'e'), ('buff', 's'), ('bh', 'n'), ('bh', 'e'), ('bh', 's'), ('bh', 'w'), ('cp', 'n'), ('cp', 'w'), ('hp', 's'), ('hp', 'w'), ('lp', 'n'), ('mg', 'n'), ('mg', 's'), ('mg', 'w'), ('sm', 'n'), ('ms', 'n'), ('wc', 'n'), ('wc', 'e'), ('wc', 's'), ('wc', 'w'), ('om', 'n'), ('rm', 'e'), ('rm', 's'), ('rdd', 'n'), ('rdd', 'e'), ('rdd', 's'), ('rdd', 'w'), ('sdsc', 'e'), ('vo', 's'), ('vo', 'w'), ('sojr', 's'), ('sojr', 'w')]",37
Coronado Hills,ch,s,33.11062723,-117.1529606,"(-117.4306606, 32.832927229999996)","(-116.8752606, 32.832927229999996)","[('bm', 's'), ('bm', 'w'), ('bl', 'n'), ('bl', 'e'), ('bl', 's'), ('bl', 'w'), ('bh', 's'), ('bh', 'w'), ('cp', 'w'), ('lp', 'n'), ('lp', 'w'), ('mg', 's'), ('mg', 'w'), ('sm', 'n'), ('sm', 'w'), ('ms', 'n'), ('wc', 's'), ('wc', 'w'), ('om', 'n'), ('om', 'w'), ('rdd', 's'), ('rdd', 'w'), ('sdsc', 'e')]",23
Coronado Hills,ch,w,33.11062723,-117.1529606,"(-117.4306606, 33.38832723)","(-117.4306606, 32.832927229999996)","[('bl', 'n'), ('bl', 'w'), ('buff', 's'), ('buff', 'w'), ('bh', 'w'), ('ms', 'n'), ('wc', 'w'), ('rm', 's'), ('rm', 'w'), ('rdd', 'w'), ('sclm', 'e'), ('sclm', 's'), ('sjh', 'e'), ('sjh', 's'), ('starr', 's'), ('marconi', 's')]",16
Boucher Hill,bh,n,33.33462774,-116.9193284,"(-116.6416284, 33.612327740000005)","(-117.1970284, 33.612327740000005)","[('bm', 'n'), ('buff', 'e'), ('ch', 'n'), ('ch', 'e'), ('hp', 'n'), ('hp', 'w'), ('mg', 'n'), ('mg', 'w'), ('rm', 'n'), ('rm', 'e'), ('rdd', 'n'), ('vo', 'n'), ('vo', 'w'), ('sojr', 'n'), ('sojr', 'w'), ('tp', 'w')]",16
Boucher Hill,bh,e,33.33462774,-116.9193284,"(-116.6416284, 33.05692774)","(-116.6416284, 33.612327740000005)","[('bm', 'n'), ('bm', 'e'), ('bl', 'n'), ('bl', 'e'), ('ch', 'e'), ('cp', 'n'), ('hp', 'n'), ('hp', 'e'), ('hp', 's'), ('hp', 'w'), ('mg', 'n'), ('mg', 'e'), ('mg', 's'), ('mg', 'w'), ('ml', 'n'), ('ml', 'w'), ('mlo', 'n'), ('wc', 'n'), ('wc', 'e'), ('rm', 'e'), ('rdd', 'n'), ('rdd', 'e'), ('vo', 'n'), ('vo', 's'), ('vo', 'w'), ('sojr', 'n'), ('sojr', 's'), ('sojr', 'w'), ('tp', 's'), ('tp', 'w')]",30
Boucher Hill,bh,s,33.33462774,-116.9193284,"(-117.1970284, 33.05692774)","(-116.6416284, 33.05692774)","[('bm', 'n'), ('bm', 'e'), ('bm', 's'), ('bm', 'w'), ('bl', 'n'), ('bl', 'e'), ('bl', 'w'), ('ch', 'e'), ('ch', 's'), ('cp', 'n'), ('cp', 'w'), ('hp', 's'), ('hp', 'w'), ('mg', 's'), ('mg', 'w'), ('ml', 'w'), ('mlo', 'n'), ('mlo', 'w'), ('ms', 'n'), ('wc', 'n'), ('wc', 'e'), ('wc', 'w'), ('rm', 'e'), ('rm', 's'), ('rdd', 'n'), ('rdd', 'e'), ('rdd', 's'), ('rdd', 'w'), ('sdsc', 'e'), ('vo', 's'), ('vo', 'w'), ('sojr', 's'), ('sojr', 'w')]",33
Boucher Hill,bh,w,33.33462774,-116.9193284,"(-117.1970284, 33.612327740000005)","(-117.1970284, 33.05692774)","[('bm', 'n'), ('bm', 'w'), ('bl', 'n'), ('bl', 'w'), ('buff', 'e'), ('buff', 's'), ('ch', 'n'), ('ch', 'e'), ('ch', 's'), ('ch', 'w'), ('hp', 'w'), ('mg', 'w'), ('ms', 'n'), ('wc', 'n'), ('wc', 'w'), ('rm', 'n'), ('rm', 'e'), ('rm', 's'), ('rm', 'w'), ('rdd', 'n'), ('rdd', 'w')]",21
Chino Hills,chino,n,33.913837,-117.738297,"(-117.460597, 34.191537000000004)","(-118.015997, 34.191537000000004)","[('wilson', 'e'), ('stgo', 'n'), ('stgo', 'w')]",3
Chino Hills,chino,e,33.913837,-117.738297,"(-117.460597, 33.636137)","(-117.460597, 34.191537000000004)","[('buff', 'n'), ('rm', 'n'), ('rm', 'w'), ('sclm', 'n'), ('sjh', 'n'), ('sjh', 'e'), ('stgo', 'n'), ('stgo', 'e'), ('stgo', 's'), ('stgo', 'w'), ('signal', 'n'), ('signal', 'e'), ('starr', 'n'), ('starr', 'e'), ('marconi', 'n')]",15
Chino Hills,chino,s,33.913837,-117.738297,"(-118.015997, 33.636137)","(-117.460597, 33.636137)","[('buff', 'n'), ('buff', 'w'), ('rm', 'w'), ('sclm', 'n'), ('sclm', 'w'), ('sjh', 'n'), ('sjh', 'e'), ('sjh', 'w'), ('stgo', 's'), ('stgo', 'w'), ('signal', 'n'), ('signal', 'e'), ('signal', 'w'), ('starr', 'n'), ('starr', 'e'), ('starr', 'w'), ('marconi', 'n'), ('marconi', 'w')]",18
Chino Hills,chino,w,33.913837,-117.738297,"(-118.015997, 34.191537000000004)","(-118.015997, 33.636137)","[('wilson', 'e'), ('wilson', 's'), ('sjh', 'n'), ('sjh', 'w'), ('stgo', 'w'), ('signal', 'n'), ('signal', 'w'), ('starr', 'n'), ('starr', 'w')]",9
Cuyamaca Peak,cp,n,32.94646305,-116.6066707,"(-116.3289707, 33.22416305)","(-116.88437069999999, 33.22416305)","[('bm', 'n'), ('bm', 'e'), ('bm', 's'), ('bm', 'w'), ('bl', 'n'), ('bl', 'e'), ('ch', 'e'), ('bh', 'e'), ('bh', 's'), ('hp', 'e'), ('hp', 's'), ('pi', 'n'), ('lp', 'n'), ('mg', 'n'), ('mg', 'e'), ('mg', 's'), ('mg', 'w'), ('ml', 'n'), ('ml', 'w'), ('mlo', 'n'), ('mlo', 'w'), ('wc', 'n'), ('wc', 'e'), ('rdd', 'e'), ('vo', 'n'), ('vo', 'e'), ('vo', 's'), ('vo', 'w'), ('sojr', 'e'), ('sojr', 's'), ('sojr', 'w')]",31
Cuyamaca Peak,cp,e,32.94646305,-116.6066707,"(-116.3289707, 32.668763049999995)","(-116.3289707, 33.22416305)","[('bm', 'e'), ('bm', 's'), ('pi', 'n'), ('pi', 'e'), ('lp', 'n'), ('lp', 'e'), ('mg', 'e'), ('mg', 's'), ('ml', 'n'), ('ml', 'e'), ('ml', 's'), ('ml', 'w'), ('mlo', 'n'), ('mlo', 'e'), ('mlo', 's'), ('mlo', 'w'), ('vo', 'e'), ('vo', 's'), ('sojr', 'e'), ('sojr', 's'), ('ws', 'n')]",21
Cuyamaca Peak,cp,s,32.94646305,-116.6066707,"(-116.88437069999999, 32.668763049999995)","(-116.3289707, 32.668763049999995)","[('bm', 's'), ('bl', 'e'), ('bl', 's'), ('pi', 'n'), ('pi', 'e'), ('pi', 's'), ('pi', 'w'), ('lp', 'n'), ('lp', 'e'), ('lp', 's'), ('lp', 'w'), ('mg', 's'), ('ml', 's'), ('ml', 'w'), ('mlo', 's'), ('mlo', 'w'), ('sm', 'e'), ('wc', 'e'), ('wc', 's'), ('om', 'n'), ('om', 'e'), ('vo', 's'), ('ws', 'n'), ('ws', 'w')]",24
Cuyamaca Peak,cp,w,32.94646305,-116.6066707,"(-116.88437069999999, 33.22416305)","(-116.88437069999999, 32.668763049999995)","[('bm', 's'), ('bm', 'w'), ('bl', 'n'), ('bl', 'e'), ('bl', 's'), ('ch', 'e'), ('ch', 's'), ('bh', 's'), ('hp', 's'), ('pi', 'n'), ('pi', 'w'), ('lp', 'n'), ('lp', 'w'), ('mg', 's'), ('mg', 'w'), ('ml', 'w'), ('mlo', 'w'), ('sm', 'n'), ('sm', 'e'), ('wc', 'n'), ('wc', 'e'), ('wc', 's'), ('om', 'n'), ('rdd', 'e'), ('rdd', 's'), ('vo', 's'), ('vo', 'w'), ('sojr', 's'), ('sojr', 'w')]",29
Green Peak,dwpgm,n,34.08640497,-118.5487598,"(-118.2710598, 34.36410497)","(-118.8264598, 34.36410497)","[('69bravo', 'n'), ('69bravo', 'e'), ('wilson', 'w')]",3
Green Peak,dwpgm,e,34.08640497,-118.5487598,"(-118.2710598, 33.808704969999994)","(-118.2710598, 34.36410497)","[('69bravo', 'e'), ('wilson', 's'), ('wilson', 'w')]",3
Green Peak,dwpgm,s,34.08640497,-118.5487598,"(-118.8264598, 33.808704969999994)","(-118.2710598, 33.808704969999994)","[('69bravo', 'e'), ('69bravo', 's')]",2
Green Peak,dwpgm,w,34.08640497,-118.5487598,"(-118.8264598, 34.36410497)","(-118.8264598, 33.808704969999994)","[('69bravo', 'n'), ('69bravo', 'e'), ('69bravo', 's'), ('69bravo', 'w')]",4
High Point,hp,n,33.363018,-116.83622,"(-116.55852, 33.640718)","(-117.11392, 33.640718)","[('bm', 'n'), ('buff', 'e'), ('bh', 'n'), ('bh', 'e'), ('mg', 'n'), ('rm', 'n'), ('rm', 'e'), ('rdd', 'n'), ('rdd', 'e'), ('vo', 'n'), ('sojr', 'n'), ('sojr', 'w'), ('tp', 'w')]",13
High Point,hp,e,33.363018,-116.83622,"(-116.55852, 33.085317999999994)","(-116.55852, 33.640718)","[('bm', 'n'), ('bm', 'e'), ('bh', 'e'), ('cp', 'n'), ('mg', 'n'), ('mg', 'e'), ('ml', 'n'), ('mlo', 'n'), ('wc', 'n'), ('wc', 'e'), ('vo', 'n'), ('vo', 'e'), ('sojr', 'n'), ('sojr', 'e'), ('sojr', 's'), ('sojr', 'w'), ('tp', 's'), ('tp', 'w')]",18
High Point,hp,s,33.363018,-116.83622,"(-117.11392, 33.085317999999994)","(-116.55852, 33.085317999999994)","[('bm', 'n'), ('bm', 'e'), ('bm', 's'), ('bm', 'w'), ('bl', 'n'), ('bl', 'e'), ('ch', 'e'), ('bh', 'e'), ('bh', 's'), ('cp', 'n'), ('cp', 'w'), ('mg', 'n'), ('mg', 'e'), ('mg', 's'), ('mg', 'w'), ('ml', 'n'), ('ml', 'w'), ('mlo', 'n'), ('mlo', 'w'), ('ms', 'n'), ('wc', 'n'), ('wc', 'e'), ('wc', 'w'), ('rm', 'e'), ('rm', 's'), ('rdd', 'e'), ('rdd', 's'), ('sdsc', 'e'), ('vo', 'n'), ('vo', 'e'), ('vo', 's'), ('vo', 'w'), ('sojr', 's'), ('sojr', 'w')]",34
High Point,hp,w,33.363018,-116.83622,"(-117.11392, 33.640718)","(-117.11392, 33.085317999999994)","[('bm', 'n'), ('bm', 'w'), ('bl', 'n'), ('buff', 'e'), ('buff', 's'), ('ch', 'n'), ('ch', 'e'), ('bh', 'n'), ('bh', 'e'), ('bh', 's'), ('bh', 'w'), ('mg', 'n'), ('mg', 'w'), ('ms', 'n'), ('wc', 'n'), ('wc', 'w'), ('rm', 'n'), ('rm', 'e'), ('rm', 's'), ('rdd', 'n'), ('rdd', 'e'), ('rdd', 's'), ('vo', 'n'), ('vo', 'w'), ('sojr', 'w')]",25
L.A.Co.F.D Helibase 69 Bravo,69bravo,n,34.07463206,-118.6278559,"(-118.3501559, 34.35233206)","(-118.9055559, 34.35233206)","[('dwpgm', 'n'), ('dwpgm', 'w')]",2
L.A.Co.F.D Helibase 69 Bravo,69bravo,e,34.07463206,-118.6278559,"(-118.3501559, 33.796932059999996)","(-118.3501559, 34.35233206)","[('dwpgm', 'n'), ('dwpgm', 'e'), ('dwpgm', 's'), ('dwpgm', 'w')]",4
L.A.Co.F.D Helibase 69 Bravo,69bravo,s,34.07463206,-118.6278559,"(-118.9055559, 33.796932059999996)","(-118.3501559, 33.796932059999996)","[('dwpgm', 's'), ('dwpgm', 'w')]",2
L.A.Co.F.D Helibase 69 Bravo,69bravo,w,34.07463206,-118.6278559,"(-118.9055559, 34.35233206)","(-118.9055559, 33.796932059999996)","[('dwpgm', 'w')]",1
Los Pinos,pi,n,32.73451582,-116.5776585,"(-116.2999585, 33.01221582)","(-116.8553585, 33.01221582)","[('bm', 'e'), ('bm', 's'), ('bl', 'e'), ('cp', 'n'), ('cp', 'e'), ('cp', 's'), ('cp', 'w'), ('lp', 'n'), ('lp', 'e'), ('mg', 'e'), ('mg', 's'), ('ml', 'n'), ('ml', 'e'), ('ml', 's'), ('ml', 'w'), ('mlo', 'n'), ('mlo', 'w'), ('sm', 'n'), ('sm', 'e'), ('wc', 'e'), ('om', 'n'), ('om', 'e'), ('rdd', 'e'), ('vo', 'e'), ('vo', 's'), ('vo', 'w'), ('ws', 'n'), ('ws', 'w')]",28
Los Pinos,pi,e,32.73451582,-116.5776585,"(-116.2999585, 32.456815819999996)","(-116.2999585, 33.01221582)","[('cp', 'e'), ('cp', 's'), ('lp', 'e'), ('ml', 'e'), ('ml', 's'), ('mlo', 'n'), ('mlo', 'e'), ('mlo', 's'), ('mlo', 'w'), ('om', 'e'), ('vo', 'e'), ('vo', 's'), ('ws', 'n'), ('ws', 'e'), ('ws', 's'), ('ws', 'w')]",16
Los Pinos,pi,s,32.73451582,-116.5776585,"(-116.8553585, 32.456815819999996)","(-116.2999585, 32.456815819999996)","[('cp', 's'), ('lp', 'e'), ('lp', 's'), ('ml', 's'), ('mlo', 's'), ('mlo', 'w'), ('sm', 'e'), ('sm', 's'), ('om', 'e'), ('om', 's'), ('ws', 's'), ('ws', 'w')]",12
Los Pinos,pi,w,32.73451582,-116.5776585,"(-116.8553585, 33.01221582)","(-116.8553585, 32.456815819999996)","[('bm', 's'), ('bl', 'e'), ('bl', 's'), ('cp', 's'), ('cp', 'w'), ('lp', 'n'), ('lp', 'e'), ('lp', 's'), ('lp', 'w'), ('mg', 's'), ('ml', 's'), ('ml', 'w'), ('mlo', 'w'), ('sm', 'n'), ('sm', 'e'), ('sm', 's'), ('wc', 'e'), ('wc', 's'), ('om', 'n'), ('om', 'e'), ('om', 's'), ('om', 'w'), ('rdd', 'e'), ('rdd', 's'), ('vo', 's'), ('vo', 'w'), ('ws', 'w')]",27
Lyons Peak,lp,n,32.70151745,-116.7645606,"(-116.4868606, 32.97921745)","(-117.04226059999999, 32.97921745)","[('bm', 'e'), ('bm', 's'), ('bm', 'w'), ('bl', 'e'), ('ch', 'e'), ('ch', 's'), ('cp', 'n'), ('cp', 'e'), ('cp', 's'), ('cp', 'w'), ('pi', 'n'), ('pi', 'w'), ('mg', 'e'), ('mg', 's'), ('mg', 'w'), ('ml', 'n'), ('ml', 'w'), ('mlo', 'n'), ('mlo', 'w'), ('sm', 'n'), ('sm', 'e'), ('wc', 'e'), ('wc', 's'), ('wc', 'w'), ('om', 'n'), ('rdd', 'e'), ('rdd', 's'), ('sdsc', 'e'), ('vo', 's'), ('vo', 'w'), ('ws', 'n'), ('ws', 'w')]",32
Lyons Peak,lp,e,32.70151745,-116.7645606,"(-116.4868606, 32.423817449999994)","(-116.4868606, 32.97921745)","[('bm', 'e'), ('bm', 's'), ('cp', 'e'), ('cp', 's'), ('pi', 'n'), ('pi', 'e'), ('pi', 's'), ('pi', 'w'), ('mg', 'e'), ('mg', 's'), ('ml', 'n'), ('ml', 's'), ('ml', 'w'), ('mlo', 'n'), ('mlo', 's'), ('mlo', 'w'), ('sm', 'e'), ('wc', 'e'), ('wc', 's'), ('om', 'n'), ('om', 'e'), ('vo', 's'), ('ws', 'n'), ('ws', 's'), ('ws', 'w')]",25
Lyons Peak,lp,s,32.70151745,-116.7645606,"(-117.04226059999999, 32.423817449999994)","(-116.4868606, 32.423817449999994)","[('cp', 's'), ('pi', 's'), ('pi', 'w'), ('ml', 's'), ('ml', 'w'), ('mlo', 's'), ('mlo', 'w'), ('sm', 'e'), ('sm', 's'), ('om', 'n'), ('om', 'e'), ('om', 's'), ('om', 'w'), ('ws', 's'), ('ws', 'w')]",15
Lyons Peak,lp,w,32.70151745,-116.7645606,"(-117.04226059999999, 32.97921745)","(-117.04226059999999, 32.423817449999994)","[('bm', 's'), ('bm', 'w'), ('bl', 'e'), ('bl', 's'), ('ch', 's'), ('cp', 's'), ('cp', 'w'), ('pi', 'w'), ('mg', 's'), ('mg', 'w'), ('sm', 'n'), ('sm', 'e'), ('sm', 's'), ('sm', 'w'), ('wc', 's'), ('wc', 'w'), ('om', 'n'), ('om', 'w'), ('rdd', 's'), ('sdsc', 'e')]",20
Mesa Grande,mg,n,33.18885764,-116.7606591,"(-116.4829591, 33.466557640000005)","(-117.0383591, 33.466557640000005)","[('bm', 'n'), ('bm', 'e'), ('ch', 'n'), ('ch', 'e'), ('bh', 'n'), ('bh', 'e'), ('cp', 'n'), ('hp', 'n'), ('hp', 'e'), ('hp', 's'), ('hp', 'w'), ('wc', 'n'), ('wc', 'e'), ('rm', 'e'), ('rdd', 'n'), ('rdd', 'e'), ('vo', 'n'), ('vo', 'w'), ('sojr', 'n'), ('sojr', 'e'), ('sojr', 's'), ('sojr', 'w'), ('tp', 'w')]",23
Mesa Grande,mg,e,33.18885764,-116.7606591,"(-116.4829591, 32.91115764)","(-116.4829591, 33.466557640000005)","[('bm', 'e'), ('bh', 'e'), ('cp', 'n'), ('cp', 'e'), ('hp', 'e'), ('hp', 's'), ('pi', 'n'), ('lp', 'n'), ('lp', 'e'), ('ml', 'n'), ('ml', 'w'), ('mlo', 'n'), ('wc', 'e'), ('vo', 'n'), ('vo', 'e'), ('vo', 's'), ('vo', 'w'), ('sojr', 'e'), ('sojr', 's'), ('tp', 's'), ('tp', 'w'), ('ws', 'n')]",22
Mesa Grande,mg,s,33.18885764,-116.7606591,"(-117.0383591, 32.91115764)","(-116.4829591, 32.91115764)","[('bm', 'e'), ('bm', 's'), ('bl', 'e'), ('ch', 'e'), ('ch', 's'), ('bh', 'e'), ('bh', 's'), ('cp', 'n'), ('cp', 'e'), ('cp', 's'), ('cp', 'w'), ('hp', 's'), ('pi', 'n'), ('pi', 'w'), ('lp', 'n'), ('lp', 'e'), ('lp', 'w'), ('ml', 'w'), ('mlo', 'n'), ('mlo', 'w'), ('sm', 'n'), ('sm', 'e'), ('wc', 'e'), ('wc', 's'), ('rdd', 'e'), ('rdd', 's'), ('sdsc', 'e'), ('vo', 's'), ('vo', 'w'), ('sojr', 's'), ('ws', 'n'), ('ws', 'w')]",32
Mesa Grande,mg,w,33.18885764,-116.7606591,"(-117.0383591, 33.466557640000005)","(-117.0383591, 32.91115764)","[('bm', 'n'), ('bm', 'e'), ('bm', 's'), ('bm', 'w'), ('bl', 'n'), ('bl', 'e'), ('ch', 'n'), ('ch', 'e'), ('ch', 's'), ('bh', 'n'), ('bh', 'e'), ('bh', 's'), ('bh', 'w'), ('cp', 'n'), ('cp', 'w'), ('hp', 's'), ('hp', 'w'), ('lp', 'n'), ('lp', 'w'), ('sm', 'n'), ('ms', 'n'), ('wc', 'n'), ('wc', 'e'), ('wc', 's'), ('wc', 'w'), ('rm', 'e'), ('rm', 's'), ('rdd', 'n'), ('rdd', 'e'), ('rdd', 's'), ('sdsc', 'e'), ('vo', 'w'), ('sojr', 's'), ('sojr', 'w')]",34
Mt. Laguna,ml,n,32.892296,-116.420721,"(-116.143021, 33.169996000000005)","(-116.698421, 33.169996000000005)","[('bm', 'e'), ('bh', 'e'), ('cp', 'n'), ('cp', 'e'), ('hp', 'e'), ('hp', 's'), ('pi', 'n'), ('lp', 'n'), ('lp', 'e'), ('mg', 'e'), ('mlo', 'n'), ('wc', 'e'), ('vo', 'n'), ('vo', 'e'), ('vo', 's'), ('vo', 'w'), ('sojr', 'e'), ('sojr', 's'), ('ws', 'n')]",19
Mt. Laguna,ml,e,32.892296,-116.420721,"(-116.143021, 32.614596)","(-116.143021, 33.169996000000005)","[('cp', 'e'), ('pi', 'n'), ('pi', 'e'), ('mlo', 'n'), ('mlo', 'e'), ('vo', 'e'), ('vo', 's'), ('ws', 'n'), ('ws', 'e')]",9
Mt. Laguna,ml,s,32.892296,-116.420721,"(-116.698421, 32.614596)","(-116.143021, 32.614596)","[('cp', 'e'), ('cp', 's'), ('pi', 'n'), ('pi', 'e'), ('pi', 's'), ('pi', 'w'), ('lp', 'e'), ('lp', 's'), ('mlo', 'n'), ('mlo', 'e'), ('mlo', 's'), ('mlo', 'w'), ('sm', 'e'), ('om', 'e'), ('vo', 's'), ('ws', 'n'), ('ws', 'e'), ('ws', 's'), ('ws', 'w')]",19
Mt. Laguna,ml,w,32.892296,-116.420721,"(-116.698421, 33.169996000000005)","(-116.698421, 32.614596)","[('bm', 'e'), ('bm', 's'), ('bh', 'e'), ('bh', 's'), ('cp', 'n'), ('cp', 'e'), ('cp', 's'), ('cp', 'w'), ('hp', 's'), ('pi', 'n'), ('pi', 'w'), ('lp', 'n'), ('lp', 'e'), ('lp', 's'), ('mg', 'e'), ('mg', 's'), ('mlo', 'n'), ('mlo', 'w'), ('sm', 'n'), ('sm', 'e'), ('wc', 'e'), ('wc', 's'), ('om', 'n'), ('om', 'e'), ('vo', 's'), ('vo', 'w'), ('sojr', 's'), ('ws', 'n'), ('ws', 'w')]",29
Mt. Laguna Observatory,mlo,n,32.83967399,-116.4265161,"(-116.1488161, 33.117373990000004)","(-116.7042161, 33.117373990000004)","[('bm', 'e'), ('bh', 'e'), ('bh', 's'), ('cp', 'n'), ('cp', 'e'), ('hp', 'e'), ('hp', 's'), ('pi', 'n'), ('pi', 'e'), ('lp', 'n'), ('lp', 'e'), ('mg', 'e'), ('mg', 's'), ('ml', 'n'), ('ml', 'e'), ('ml', 's'), ('ml', 'w'), ('wc', 'e'), ('vo', 'e'), ('vo', 's'), ('vo', 'w'), ('sojr', 'e'), ('sojr', 's'), ('ws', 'n')]",24
Mt. Laguna Observatory,mlo,e,32.83967399,-116.4265161,"(-116.1488161, 32.56197399)","(-116.1488161, 33.117373990000004)","[('cp', 'e'), ('pi', 'e'), ('ml', 'e'), ('ml', 's'), ('vo', 'e'), ('vo', 's'), ('ws', 'n'), ('ws', 'e')]",8
Mt. Laguna Observatory,mlo,s,32.83967399,-116.4265161,"(-116.7042161, 32.56197399)","(-116.1488161, 32.56197399)","[('cp', 'e'), ('cp', 's'), ('pi', 'e'), ('pi', 's'), ('lp', 'e'), ('lp', 's'), ('ml', 's'), ('sm', 'e'), ('om', 'e'), ('ws', 'n'), ('ws', 'e'), ('ws', 's'), ('ws', 'w')]",13
Mt. Laguna Observatory,mlo,w,32.83967399,-116.4265161,"(-116.7042161, 33.117373990000004)","(-116.7042161, 32.56197399)","[('bm', 'e'), ('bm', 's'), ('bh', 's'), ('cp', 'n'), ('cp', 'e'), ('cp', 's'), ('cp', 'w'), ('hp', 's'), ('pi', 'n'), ('pi', 'e'), ('pi', 's'), ('pi', 'w'), ('lp', 'n'), ('lp', 'e'), ('lp', 's'), ('mg', 's'), ('ml', 's'), ('ml', 'w'), ('sm', 'n'), ('sm', 'e'), ('wc', 'e'), ('wc', 's'), ('om', 'n'), ('om', 'e'), ('vo', 's'), ('vo', 'w'), ('sojr', 's'), ('ws', 'n'), ('ws', 'w')]",29
Mt. San Miguel,sm,n,32.69688501,-116.936262,"(-116.658562, 32.974585010000006)","(-117.213962, 32.974585010000006)","[('bm', 's'), ('bm', 'w'), ('bl', 'e'), ('bl', 's'), ('bl', 'w'), ('ch', 'e'), ('ch', 's'), ('cp', 'w'), ('pi', 'n'), ('pi', 'w'), ('lp', 'n'), ('lp', 'w'), ('mg', 's'), ('mg', 'w'), ('ml', 'w'), ('mlo', 'w'), ('ms', 'n'), ('wc', 'e'), ('wc', 's'), ('wc', 'w'), ('om', 'n'), ('rdd', 'e'), ('rdd', 's'), ('sdsc', 'e'), ('vo', 's'), ('vo', 'w')]",26
Mt. San Miguel,sm,e,32.69688501,-116.936262,"(-116.658562, 32.41918501)","(-116.658562, 32.974585010000006)","[('bm', 's'), ('bl', 'e'), ('bl', 's'), ('cp', 's'), ('cp', 'w'), ('pi', 'n'), ('pi', 's'), ('pi', 'w'), ('lp', 'n'), ('lp', 'e'), ('lp', 's'), ('lp', 'w'), ('mg', 's'), ('ml', 's'), ('ml', 'w'), ('mlo', 's'), ('mlo', 'w'), ('wc', 'e'), ('wc', 's'), ('om', 'n'), ('om', 'e'), ('vo', 's')]",22
Mt. San Miguel,sm,s,32.69688501,-116.936262,"(-117.213962, 32.41918501)","(-116.658562, 32.41918501)","[('pi', 's'), ('pi', 'w'), ('lp', 's'), ('lp', 'w'), ('om', 'n'), ('om', 'e'), ('om', 's'), ('om', 'w'), ('sdsc', 'e')]",9
Mt. San Miguel,sm,w,32.69688501,-116.936262,"(-117.213962, 32.974585010000006)","(-117.213962, 32.41918501)","[('bl', 's'), ('bl', 'w'), ('ch', 's'), ('lp', 'w'), ('ms', 'n'), ('wc', 's'), ('wc', 'w'), ('om', 'n'), ('om', 'w'), ('rdd', 's'), ('sdsc', 'e')]",11
Mt. Soledad,ms,n,32.83992291,-117.2485966,"(-116.9708966, 33.11762291)","(-117.5262966, 33.11762291)","[('bm', 'w'), ('bl', 'n'), ('bl', 'e'), ('bl', 's'), ('bl', 'w'), ('ch', 'n'), ('ch', 'e'), ('ch', 's'), ('ch', 'w'), ('bh', 's'), ('bh', 'w'), ('hp', 's'), ('hp', 'w'), ('mg', 'w'), ('sm', 'n'), ('sm', 'w'), ('wc', 'n'), ('wc', 'w'), ('rdd', 'n'), ('rdd', 'e'), ('rdd', 's'), ('rdd', 'w'), ('sdsc', 'e')]",23
Mt. Wilson Observatory,wilson,n,34.22449951,-118.0586478,"(-117.7809478, 34.502199510000004)","(-118.3363478, 34.502199510000004)",0,0
Mt. Wilson Observatory,wilson,e,34.22449951,-118.0586478,"(-117.7809478, 33.94679951)","(-117.7809478, 34.502199510000004)","[('chino', 'n'), ('chino', 'w'), ('stgo', 'n'), ('stgo', 'w')]",4
Mt. Wilson Observatory,wilson,s,34.22449951,-118.0586478,"(-118.3363478, 33.94679951)","(-117.7809478, 33.94679951)","[('chino', 'w'), ('dwpgm', 'e'), ('stgo', 'w')]",3
Mt. Wilson Observatory,wilson,w,34.22449951,-118.0586478,"(-118.3363478, 34.502199510000004)","(-118.3363478, 33.94679951)","[('dwpgm', 'n'), ('dwpgm', 'e')]",2
Mt. Woodson,wc,n,33.00873795,-116.9709795,"(-116.6932795, 33.28643795)","(-117.2486795, 33.28643795)","[('bm', 'n'), ('bm', 'w'), ('bl', 'n'), ('bl', 'e'), ('buff', 'e'), ('buff', 's'), ('ch', 'n'), ('ch', 'e'), ('bh', 'e'), ('bh', 's'), ('bh', 'w'), ('cp', 'n'), ('cp', 'w'), ('hp', 'e'), ('hp', 's'), ('hp', 'w'), ('mg', 'n'), ('mg', 'w'), ('ms', 'n'), ('rm', 'e'), ('rm', 's'), ('rdd', 'n'), ('rdd', 'e'), ('sdsc', 'e'), ('vo', 'n'), ('vo', 'w'), ('sojr', 's'), ('sojr', 'w'), ('tp', 'w'), ('marconi', 'e'), ('marconi', 's')]",31
Mt. Woodson,wc,e,33.00873795,-116.9709795,"(-116.6932795, 32.731037949999994)","(-116.6932795, 33.28643795)","[('bm', 'n'), ('bm', 'e'), ('bm', 's'), ('bm', 'w'), ('bl', 'e'), ('ch', 'e'), ('bh', 'e'), ('bh', 's'), ('cp', 'n'), ('cp', 's'), ('cp', 'w'), ('hp', 'e'), ('hp', 's'), ('pi', 'n'), ('pi', 'w'), ('lp', 'n'), ('lp', 'e'), ('mg', 'n'), ('mg', 'e'), ('mg', 's'), ('mg', 'w'), ('ml', 'n'), ('ml', 'w'), ('mlo', 'n'), ('mlo', 'w'), ('sm', 'n'), ('sm', 'e'), ('om', 'n'), ('om', 'e'), ('rdd', 'e'), ('sdsc', 'e'), ('vo', 'n'), ('vo', 's'), ('vo', 'w'), ('sojr', 's'), ('tp', 's'), ('tp', 'w')]",37
Mt. Woodson,wc,s,33.00873795,-116.9709795,"(-117.2486795, 32.731037949999994)","(-116.6932795, 32.731037949999994)","[('bm', 's'), ('bm', 'w'), ('bl', 'e'), ('bl', 's'), ('ch', 'e'), ('ch', 's'), ('cp', 's'), ('cp', 'w'), ('pi', 'w'), ('lp', 'n'), ('lp', 'e'), ('lp', 'w'), ('mg', 's'), ('mg', 'w'), ('ml', 'w'), ('mlo', 'w'), ('sm', 'n'), ('sm', 'e'), ('sm', 'w'), ('om', 'n'), ('om', 'e'), ('om', 'w'), ('rdd', 'e'), ('rdd', 's'), ('sdsc', 'e'), ('vo', 's'), ('vo', 'w')]",27
Mt. Woodson,wc,w,33.00873795,-116.9709795,"(-117.2486795, 33.28643795)","(-117.2486795, 32.731037949999994)","[('bm', 'w'), ('bl', 'n'), ('bl', 'e'), ('bl', 's'), ('bl', 'w'), ('buff', 's'), ('ch', 'n'), ('ch', 'e'), ('ch', 's'), ('ch', 'w'), ('bh', 's'), ('bh', 'w'), ('hp', 's'), ('hp', 'w'), ('lp', 'n'), ('lp', 'w'), ('mg', 'w'), ('sm', 'n'), ('sm', 'w'), ('ms', 'n'), ('om', 'n'), ('om', 'w'), ('rm', 's'), ('rdd', 'n'), ('rdd', 'e'), ('rdd', 's'), ('rdd', 'w'), ('sdsc', 'e'), ('marconi', 's')]",29
Otay Mountain,om,n,32.59476209,-116.8446941,"(-116.5669941, 32.872462090000006)","(-117.1223941, 32.872462090000006)","[('bl', 'e'), ('bl', 's'), ('ch', 'e'), ('ch', 's'), ('cp', 's'), ('cp', 'w'), ('pi', 'n'), ('pi', 'w'), ('lp', 'n'), ('lp', 'e'), ('lp', 's'), ('lp', 'w'), ('ml', 'w'), ('mlo', 'w'), ('sm', 'n'), ('sm', 'e'), ('sm', 's'), ('sm', 'w'), ('wc', 'e'), ('wc', 's'), ('wc', 'w'), ('rdd', 'e'), ('rdd', 's'), ('sdsc', 'e'), ('vo', 's'), ('vo', 'w'), ('ws', 'w')]",27
Otay Mountain,om,e,32.59476209,-116.8446941,"(-116.5669941, 32.31706209)","(-116.5669941, 32.872462090000006)","[('cp', 's'), ('pi', 'n'), ('pi', 'e'), ('pi', 's'), ('pi', 'w'), ('lp', 'e'), ('lp', 's'), ('ml', 's'), ('ml', 'w'), ('mlo', 's'), ('mlo', 'w'), ('sm', 'e'), ('sm', 's'), ('wc', 'e'), ('wc', 's'), ('vo', 's'), ('ws', 's'), ('ws', 'w')]",18
Otay Mountain,om,s,32.59476209,-116.8446941,"(-117.1223941, 32.31706209)","(-116.5669941, 32.31706209)","[('pi', 's'), ('pi', 'w'), ('lp', 's'), ('sm', 's')]",4
Otay Mountain,om,w,32.59476209,-116.8446941,"(-117.1223941, 32.872462090000006)","(-117.1223941, 32.31706209)","[('bl', 's'), ('ch', 's'), ('pi', 'w'), ('lp', 's'), ('lp', 'w'), ('sm', 's'), ('sm', 'w'), ('wc', 's'), ('wc', 'w'), ('rdd', 's'), ('sdsc', 'e')]",11
Red Mountain,rm,n,33.4008,-117.1905,"(-116.9128, 33.6785)","(-117.4682, 33.6785)","[('buff', 'n'), ('buff', 'e'), ('bh', 'n'), ('bh', 'w'), ('chino', 'e'), ('hp', 'n'), ('hp', 'w'), ('sclm', 'n'), ('sclm', 'e'), ('sjh', 'n'), ('sjh', 'e'), ('stgo', 'e'), ('starr', 'e'), ('marconi', 'n'), ('marconi', 'e')]",15
Red Mountain,rm,e,33.4008,-117.1905,"(-116.9128, 33.123099999999994)","(-116.9128, 33.6785)","[('bm', 'n'), ('bm', 'w'), ('bl', 'n'), ('bl', 'e'), ('buff', 'e'), ('ch', 'n'), ('ch', 'e'), ('bh', 'n'), ('bh', 'e'), ('bh', 's'), ('bh', 'w'), ('hp', 'n'), ('hp', 's'), ('hp', 'w'), ('mg', 'n'), ('mg', 'w'), ('wc', 'n'), ('rdd', 'n'), ('rdd', 'e')]",19
Red Mountain,rm,s,33.4008,-117.1905,"(-117.4682, 33.123099999999994)","(-116.9128, 33.123099999999994)","[('bm', 'w'), ('bl', 'n'), ('bl', 'e'), ('bl', 'w'), ('buff', 'e'), ('buff', 's'), ('ch', 'n'), ('ch', 'e'), ('ch', 'w'), ('bh', 's'), ('bh', 'w'), ('hp', 's'), ('hp', 'w'), ('mg', 'w'), ('wc', 'n'), ('wc', 'w'), ('rdd', 'n'), ('rdd', 'e'), ('rdd', 'w'), ('sclm', 'e'), ('sclm', 's'), ('sdsc', 'e'), ('sjh', 'e'), ('sjh', 's'), ('marconi', 'e'), ('marconi', 's')]",26
Red Mountain,rm,w,33.4008,-117.1905,"(-117.4682, 33.6785)","(-117.4682, 33.123099999999994)","[('bl', 'n'), ('bl', 'w'), ('buff', 'n'), ('buff', 'e'), ('buff', 's'), ('buff', 'w'), ('ch', 'n'), ('ch', 'w'), ('bh', 'w'), ('chino', 'e'), ('chino', 's'), ('rdd', 'n'), ('rdd', 'w'), ('sclm', 'n'), ('sclm', 'e'), ('sclm', 's'), ('sjh', 'n'), ('sjh', 'e'), ('sjh', 's'), ('stgo', 'e'), ('stgo', 's'), ('starr', 'e'), ('starr', 's'), ('marconi', 'n'), ('marconi', 'e'), ('marconi', 's')]",26
Rincon Del Diablo,rdd,n,33.09383414,-117.1210542,"(-116.84335420000001, 33.37153414)","(-117.3987542, 33.37153414)","[('bm', 'n'), ('bm', 'w'), ('bl', 'n'), ('buff', 'e'), ('buff', 's'), ('ch', 'n'), ('ch', 'e'), ('bh', 'n'), ('bh', 'e'), ('bh', 's'), ('bh', 'w'), ('hp', 'n'), ('hp', 'w'), ('mg', 'n'), ('mg', 'w'), ('ms', 'n'), ('wc', 'n'), ('wc', 'w'), ('rm', 'e'), ('rm', 's'), ('rm', 'w'), ('sclm', 'e'), ('sjh', 'e'), ('vo', 'n'), ('vo', 'w'), ('sojr', 'w'), ('starr', 'e'), ('starr', 's'), ('marconi', 'e'), ('marconi', 's')]",30
Rincon Del Diablo,rdd,e,33.09383414,-117.1210542,"(-116.84335420000001, 32.816134139999996)","(-116.84335420000001, 33.37153414)","[('bm', 'n'), ('bm', 's'), ('bm', 'w'), ('bl', 'n'), ('bl', 'e'), ('ch', 'e'), ('bh', 'e'), ('bh', 's'), ('cp', 'n'), ('cp', 'w'), ('hp', 'n'), ('hp', 's'), ('hp', 'w'), ('pi', 'n'), ('pi', 'w'), ('lp', 'n'), ('mg', 'n'), ('mg', 's'), ('mg', 'w'), ('sm', 'n'), ('ms', 'n'), ('wc', 'n'), ('wc', 'e'), ('wc', 's'), ('wc', 'w'), ('om', 'n'), ('rm', 'e'), ('rm', 's'), ('sdsc', 'e'), ('vo', 'n'), ('vo', 's'), ('vo', 'w'), ('sojr', 's'), ('sojr', 'w')]",34
Rincon Del Diablo,rdd,s,33.09383414,-117.1210542,"(-117.3987542, 32.816134139999996)","(-116.84335420000001, 32.816134139999996)","[('bm', 's'), ('bm', 'w'), ('bl', 'n'), ('bl', 'e'), ('bl', 's'), ('bl', 'w'), ('ch', 'e'), ('ch', 's'), ('bh', 's'), ('cp', 'w'), ('hp', 's'), ('hp', 'w'), ('pi', 'w'), ('lp', 'n'), ('lp', 'w'), ('mg', 's'), ('mg', 'w'), ('sm', 'n'), ('sm', 'w'), ('ms', 'n'), ('wc', 's'), ('wc', 'w'), ('om', 'n'), ('om', 'w'), ('sdsc', 'e'), ('vo', 's'), ('vo', 'w')]",27
Rincon Del Diablo,rdd,w,33.09383414,-117.1210542,"(-117.3987542, 33.37153414)","(-117.3987542, 32.816134139999996)","[('bl', 'n'), ('bl', 'w'), ('buff', 's'), ('ch', 'n'), ('ch', 'e'), ('ch', 's'), ('ch', 'w'), ('bh', 's'), ('bh', 'w'), ('ms', 'n'), ('wc', 'w'), ('rm', 's'), ('rm', 'w'), ('sclm', 'e'), ('sclm', 's'), ('sjh', 'e'), ('sjh', 's'), ('starr', 's'), ('marconi', 's')]",19
San Clemente,sclm,n,33.43141853,-117.5973412,"(-117.3196412, 33.709118530000005)","(-117.8750412, 33.709118530000005)","[('buff', 'n'), ('buff', 'w'), ('chino', 'e'), ('chino', 's'), ('rm', 'n'), ('rm', 'w'), ('sjh', 'n'), ('sjh', 'e'), ('sjh', 's'), ('sjh', 'w'), ('stgo', 'e'), ('stgo', 's'), ('stgo', 'w'), ('signal', 'n'), ('signal', 'e'), ('starr', 'n'), ('starr', 'e'), ('starr', 's'), ('starr', 'w'), ('marconi', 'n'), ('marconi', 'w')]",21
San Clemente,sclm,e,33.43141853,-117.5973412,"(-117.3196412, 33.15371853)","(-117.3196412, 33.709118530000005)","[('bl', 'n'), ('bl', 'w'), ('buff', 'n'), ('buff', 'e'), ('buff', 's'), ('buff', 'w'), ('ch', 'n'), ('ch', 'w'), ('rm', 'n'), ('rm', 's'), ('rm', 'w'), ('rdd', 'n'), ('rdd', 'w'), ('sjh', 'e'), ('sjh', 's'), ('stgo', 'e'), ('stgo', 's'), ('signal', 'e'), ('starr', 'e'), ('starr', 's'), ('marconi', 'n'), ('marconi', 'e'), ('marconi', 's'), ('marconi', 'w')]",24
San Clemente,sclm,s,33.43141853,-117.5973412,"(-117.8750412, 33.15371853)","(-117.3196412, 33.15371853)","[('bl', 'w'), ('buff', 's'), ('buff', 'w'), ('ch', 'w'), ('rm', 's'), ('rm', 'w'), ('rdd', 'w'), ('sjh', 's'), ('signal', 'e'), ('signal', 's'), ('starr', 's'), ('marconi', 's'), ('marconi', 'w')]",13
San Clemente,sclm,w,33.43141853,-117.5973412,"(-117.8750412, 33.709118530000005)","(-117.8750412, 33.15371853)","[('buff', 'w'), ('chino', 's'), ('sjh', 's'), ('sjh', 'w'), ('stgo', 's'), ('stgo', 'w'), ('signal', 'n'), ('signal', 'e'), ('signal', 's'), ('signal', 'w'), ('starr', 's'), ('starr', 'w'), ('marconi', 'w')]",13
San Diego Supercomputer Center,sdsc,e,32.88444531,-117.239762,"(-116.962062, 32.606745309999994)","(-116.962062, 33.16214531)","[('bm', 's'), ('bm', 'w'), ('bl', 'n'), ('bl', 'e'), ('bl', 's'), ('bl', 'w'), ('ch', 'e'), ('ch', 's'), ('bh', 's'), ('hp', 's'), ('lp', 'n'), ('lp', 'w'), ('mg', 's'), ('mg', 'w'), ('sm', 'n'), ('sm', 's'), ('sm', 'w'), ('ms', 'n'), ('wc', 'n'), ('wc', 'e'), ('wc', 's'), ('wc', 'w'), ('om', 'n'), ('om', 'w'), ('rm', 's'), ('rdd', 'e'), ('rdd', 's')]",27
San Juan Hills,sjh,n,33.50294205,-117.6031176,"(-117.32541760000001, 33.780642050000004)","(-117.8808176, 33.780642050000004)","[('buff', 'n'), ('buff', 'w'), ('chino', 'e'), ('chino', 's'), ('chino', 'w'), ('rm', 'n'), ('rm', 'w'), ('sclm', 'n'), ('stgo', 'n'), ('stgo', 'e'), ('stgo', 's'), ('stgo', 'w'), ('signal', 'n'), ('signal', 'e'), ('starr', 'n'), ('starr', 'e'), ('starr', 's'), ('starr', 'w'), ('marconi', 'n'), ('marconi', 'w')]",20
San Juan Hills,sjh,e,33.50294205,-117.6031176,"(-117.32541760000001, 33.22524205)","(-117.32541760000001, 33.780642050000004)","[('bl', 'n'), ('buff', 'n'), ('buff', 'e'), ('buff', 's'), ('buff', 'w'), ('ch', 'n'), ('ch', 'w'), ('chino', 'e'), ('chino', 's'), ('rm', 'n'), ('rm', 's'), ('rm', 'w'), ('rdd', 'n'), ('rdd', 'w'), ('sclm', 'n'), ('sclm', 'e'), ('stgo', 'e'), ('stgo', 's'), ('signal', 'e'), ('starr', 'e'), ('starr', 's'), ('marconi', 'n'), ('marconi', 'e'), ('marconi', 's'), ('marconi', 'w')]",25
San Juan Hills,sjh,s,33.50294205,-117.6031176,"(-117.8808176, 33.22524205)","(-117.32541760000001, 33.22524205)","[('bl', 'n'), ('bl', 'w'), ('buff', 's'), ('buff', 'w'), ('ch', 'w'), ('rm', 's'), ('rm', 'w'), ('rdd', 'w'), ('sclm', 'n'), ('sclm', 'e'), ('sclm', 's'), ('sclm', 'w'), ('stgo', 's'), ('signal', 'e'), ('signal', 's'), ('starr', 's'), ('marconi', 's'), ('marconi', 'w')]",18
San Juan Hills,sjh,w,33.50294205,-117.6031176,"(-117.8808176, 33.780642050000004)","(-117.8808176, 33.22524205)","[('buff', 'w'), ('chino', 's'), ('chino', 'w'), ('sclm', 'n'), ('sclm', 'w'), ('stgo', 's'), ('stgo', 'w'), ('signal', 'n'), ('signal', 'e'), ('signal', 's'), ('signal', 'w'), ('starr', 's'), ('starr', 'w'), ('marconi', 'w')]",14
Santa Ysabel,vo,n,33.13826401,-116.6170953,"(-116.3393953, 33.41596401)","(-116.8947953, 33.41596401)","[('bm', 'n'), ('bm', 'e'), ('bh', 'n'), ('bh', 'e'), ('cp', 'n'), ('hp', 'n'), ('hp', 'e'), ('hp', 's'), ('hp', 'w'), ('mg', 'n'), ('mg', 'e'), ('ml', 'n'), ('wc', 'n'), ('wc', 'e'), ('rdd', 'n'), ('rdd', 'e'), ('sojr', 'n'), ('sojr', 'e'), ('sojr', 's'), ('sojr', 'w'), ('tp', 's'), ('tp', 'w')]",22
Santa Ysabel,vo,e,33.13826401,-116.6170953,"(-116.3393953, 32.86056401)","(-116.3393953, 33.41596401)","[('bm', 'e'), ('cp', 'n'), ('cp', 'e'), ('hp', 'e'), ('hp', 's'), ('pi', 'n'), ('pi', 'e'), ('mg', 'e'), ('ml', 'n'), ('ml', 'e'), ('mlo', 'n'), ('mlo', 'e'), ('sojr', 'e'), ('sojr', 's'), ('tp', 's'), ('ws', 'n')]",16
Santa Ysabel,vo,s,33.13826401,-116.6170953,"(-116.8947953, 32.86056401)","(-116.3393953, 32.86056401)","[('bm', 'e'), ('bm', 's'), ('bl', 'e'), ('ch', 'e'), ('bh', 'e'), ('bh', 's'), ('cp', 'n'), ('cp', 'e'), ('cp', 's'), ('cp', 'w'), ('hp', 's'), ('pi', 'n'), ('pi', 'e'), ('pi', 'w'), ('lp', 'n'), ('lp', 'e'), ('mg', 'e'), ('mg', 's'), ('ml', 'n'), ('ml', 'e'), ('ml', 's'), ('ml', 'w'), ('mlo', 'n'), ('mlo', 'e'), ('mlo', 'w'), ('sm', 'n'), ('sm', 'e'), ('wc', 'e'), ('wc', 's'), ('om', 'n'), ('om', 'e'), ('rdd', 'e'), ('rdd', 's'), ('sojr', 's'), ('ws', 'n'), ('ws', 'w')]",36
Santa Ysabel,vo,w,33.13826401,-116.6170953,"(-116.8947953, 33.41596401)","(-116.8947953, 32.86056401)","[('bm', 'n'), ('bm', 'e'), ('bm', 's'), ('bm', 'w'), ('bl', 'n'), ('bl', 'e'), ('ch', 'n'), ('ch', 'e'), ('bh', 'n'), ('bh', 'e'), ('bh', 's'), ('cp', 'n'), ('cp', 'w'), ('hp', 's'), ('hp', 'w'), ('pi', 'n'), ('pi', 'w'), ('lp', 'n'), ('mg', 'n'), ('mg', 'e'), ('mg', 's'), ('mg', 'w'), ('ml', 'n'), ('ml', 'w'), ('mlo', 'n'), ('mlo', 'w'), ('sm', 'n'), ('wc', 'n'), ('wc', 'e'), ('wc', 's'), ('om', 'n'), ('rdd', 'n'), ('rdd', 'e'), ('rdd', 's'), ('sojr', 's'), ('sojr', 'w')]",36
Santa Ynez Peak,syp,n,34.52711299,-119.9789239,"(-119.7012239, 34.80481299)","(-120.2566239, 34.80481299)",0,0
Santa Ynez Peak,syp,e,34.52711299,-119.9789239,"(-119.7012239, 34.249412989999996)","(-119.7012239, 34.80481299)",0,0
Santa Ynez Peak,syp,s,34.52711299,-119.9789239,"(-120.2566239, 34.249412989999996)","(-119.7012239, 34.249412989999996)",0,0
Santa Ynez Peak,syp,w,34.52711299,-119.9789239,"(-120.2566239, 34.80481299)","(-120.2566239, 34.249412989999996)",0,0
Santiago Peak,stgo,n,33.71117247,-117.534115,"(-117.256415, 33.988872470000004)","(-117.811815, 33.988872470000004)","[('chino', 'n'), ('chino', 'e'), ('wilson', 'e'), ('sjh', 'n'), ('signal', 'n'), ('signal', 'e'), ('starr', 'n'), ('marconi', 'n')]",8
Santiago Peak,stgo,e,33.71117247,-117.534115,"(-117.256415, 33.43347247)","(-117.256415, 33.988872470000004)","[('buff', 'n'), ('buff', 'e'), ('chino', 'e'), ('rm', 'n'), ('rm', 'w'), ('sclm', 'n'), ('sclm', 'e'), ('sjh', 'n'), ('sjh', 'e'), ('signal', 'e'), ('starr', 'n'), ('starr', 'e'), ('marconi', 'n'), ('marconi', 'e')]",14
Santiago Peak,stgo,s,33.71117247,-117.534115,"(-117.811815, 33.43347247)","(-117.256415, 33.43347247)","[('buff', 'n'), ('buff', 'e'), ('buff', 'w'), ('chino', 'e'), ('chino', 's'), ('rm', 'w'), ('sclm', 'n'), ('sclm', 'e'), ('sclm', 'w'), ('sjh', 'n'), ('sjh', 'e'), ('sjh', 's'), ('sjh', 'w'), ('signal', 'e'), ('signal', 's'), ('starr', 'n'), ('starr', 'e'), ('starr', 's'), ('starr', 'w'), ('marconi', 'n'), ('marconi', 'e'), ('marconi', 's'), ('marconi', 'w')]",23
Santiago Peak,stgo,w,33.71117247,-117.534115,"(-117.811815, 33.988872470000004)","(-117.811815, 33.43347247)","[('buff', 'n'), ('buff', 'w'), ('chino', 'n'), ('chino', 'e'), ('chino', 's'), ('chino', 'w'), ('wilson', 'e'), ('wilson', 's'), ('sclm', 'n'), ('sclm', 'w'), ('sjh', 'n'), ('sjh', 'w'), ('signal', 'n'), ('signal', 'e'), ('signal', 's'), ('signal', 'w'), ('starr', 'n'), ('starr', 'w'), ('marconi', 'n'), ('marconi', 'w')]",20
Signal Peak,signal,n,33.60523424,-117.810884,"(-117.533184, 33.882934240000004)","(-118.088584, 33.882934240000004)","[('chino', 'e'), ('chino', 's'), ('chino', 'w'), ('sclm', 'n'), ('sclm', 'w'), ('sjh', 'n'), ('sjh', 'w'), ('stgo', 'n'), ('stgo', 'w'), ('starr', 'n'), ('starr', 'w'), ('marconi', 'n'), ('marconi', 'w')]",13
Signal Peak,signal,e,33.60523424,-117.810884,"(-117.533184, 33.32753424)","(-117.533184, 33.882934240000004)","[('buff', 'n'), ('buff', 'w'), ('chino', 'e'), ('chino', 's'), ('sclm', 'n'), ('sclm', 'e'), ('sclm', 's'), ('sclm', 'w'), ('sjh', 'n'), ('sjh', 'e'), ('sjh', 's'), ('sjh', 'w'), ('stgo', 'n'), ('stgo', 'e'), ('stgo', 's'), ('stgo', 'w'), ('starr', 'n'), ('starr', 'e'), ('starr', 's'), ('starr', 'w'), ('marconi', 'n'), ('marconi', 's'), ('marconi', 'w')]",23
Signal Peak,signal,s,33.60523424,-117.810884,"(-118.088584, 33.32753424)","(-117.533184, 33.32753424)","[('buff', 'w'), ('sclm', 's'), ('sclm', 'w'), ('sjh', 's'), ('sjh', 'w'), ('stgo', 's'), ('stgo', 'w'), ('starr', 's'), ('starr', 'w'), ('marconi', 's'), ('marconi', 'w')]",11
Signal Peak,signal,w,33.60523424,-117.810884,"(-118.088584, 33.882934240000004)","(-118.088584, 33.32753424)","[('chino', 's'), ('chino', 'w'), ('sclm', 'w'), ('sjh', 'w'), ('stgo', 'w'), ('starr', 'w')]",6
Sky Oaks,sojr,n,33.37865603,-116.6222928,"(-116.3445928, 33.656356030000005)","(-116.89999279999999, 33.656356030000005)","[('bm', 'n'), ('bh', 'n'), ('bh', 'e'), ('hp', 'n'), ('hp', 'e'), ('mg', 'n'), ('vo', 'n'), ('tp', 'n'), ('tp', 'w')]",9
Sky Oaks,sojr,e,33.37865603,-116.6222928,"(-116.3445928, 33.10095603)","(-116.3445928, 33.656356030000005)","[('bm', 'n'), ('bm', 'e'), ('cp', 'n'), ('cp', 'e'), ('hp', 'e'), ('mg', 'n'), ('mg', 'e'), ('ml', 'n'), ('mlo', 'n'), ('vo', 'n'), ('vo', 'e'), ('tp', 'n'), ('tp', 'e'), ('tp', 's'), ('tp', 'w')]",15
Sky Oaks,sojr,s,33.37865603,-116.6222928,"(-116.89999279999999, 33.10095603)","(-116.3445928, 33.10095603)","[('bm', 'n'), ('bm', 'e'), ('bm', 's'), ('bm', 'w'), ('bl', 'e'), ('ch', 'e'), ('bh', 'e'), ('bh', 's'), ('cp', 'n'), ('cp', 'e'), ('cp', 'w'), ('hp', 'e'), ('hp', 's'), ('mg', 'n'), ('mg', 'e'), ('mg', 's'), ('mg', 'w'), ('ml', 'n'), ('ml', 'w'), ('mlo', 'n'), ('mlo', 'w'), ('wc', 'n'), ('wc', 'e'), ('rdd', 'e'), ('vo', 'n'), ('vo', 'e'), ('vo', 's'), ('vo', 'w'), ('tp', 's'), ('tp', 'w')]",30
Sky Oaks,sojr,w,33.37865603,-116.6222928,"(-116.89999279999999, 33.656356030000005)","(-116.89999279999999, 33.10095603)","[('bm', 'n'), ('bm', 'w'), ('bl', 'n'), ('bl', 'e'), ('ch', 'n'), ('ch', 'e'), ('bh', 'n'), ('bh', 'e'), ('bh', 's'), ('cp', 'n'), ('cp', 'w'), ('hp', 'n'), ('hp', 'e'), ('hp', 's'), ('hp', 'w'), ('mg', 'n'), ('mg', 'w'), ('wc', 'n'), ('rdd', 'n'), ('rdd', 'e'), ('vo', 'n'), ('vo', 'w'), ('tp', 'w')]",23
Toro Peak,tp,n,33.52353103,-116.4257027,"(-116.1480027, 33.801231030000004)","(-116.7034027, 33.801231030000004)","[('sojr', 'n'), ('sojr', 'e')]",2
Toro Peak,tp,e,33.52353103,-116.4257027,"(-116.1480027, 33.24583103)","(-116.1480027, 33.801231030000004)","[('sojr', 'e')]",1
Toro Peak,tp,s,33.52353103,-116.4257027,"(-116.7034027, 33.24583103)","(-116.1480027, 33.24583103)","[('bm', 'e'), ('bh', 'e'), ('hp', 'e'), ('mg', 'e'), ('wc', 'e'), ('vo', 'n'), ('vo', 'e'), ('sojr', 'e'), ('sojr', 's')]",9
Toro Peak,tp,w,33.52353103,-116.4257027,"(-116.7034027, 33.801231030000004)","(-116.7034027, 33.24583103)","[('bm', 'n'), ('bm', 'e'), ('bh', 'n'), ('bh', 'e'), ('hp', 'n'), ('hp', 'e'), ('mg', 'n'), ('mg', 'e'), ('wc', 'n'), ('wc', 'e'), ('vo', 'n'), ('sojr', 'n'), ('sojr', 'e'), ('sojr', 's'), ('sojr', 'w')]",15
Upper Bell,starr,n,33.61244314,-117.5486414,"(-117.2709414, 33.890143140000006)","(-117.82634139999999, 33.890143140000006)","[('buff', 'n'), ('chino', 'e'), ('chino', 's'), ('chino', 'w'), ('sclm', 'n'), ('sjh', 'n'), ('stgo', 'n'), ('stgo', 'e'), ('stgo', 's'), ('stgo', 'w'), ('signal', 'n'), ('signal', 'e'), ('marconi', 'n')]",13
Upper Bell,starr,e,33.61244314,-117.5486414,"(-117.2709414, 33.33474314)","(-117.2709414, 33.890143140000006)","[('buff', 'n'), ('buff', 'e'), ('ch', 'n'), ('chino', 'e'), ('chino', 's'), ('rm', 'n'), ('rm', 'w'), ('rdd', 'n'), ('sclm', 'n'), ('sclm', 'e'), ('sjh', 'n'), ('sjh', 'e'), ('stgo', 'e'), ('stgo', 's'), ('signal', 'e'), ('marconi', 'n'), ('marconi', 'e')]",17
Upper Bell,starr,s,33.61244314,-117.5486414,"(-117.82634139999999, 33.33474314)","(-117.2709414, 33.33474314)","[('buff', 'n'), ('buff', 'e'), ('buff', 's'), ('buff', 'w'), ('ch', 'n'), ('ch', 'w'), ('rm', 'w'), ('rdd', 'n'), ('rdd', 'w'), ('sclm', 'n'), ('sclm', 'e'), ('sclm', 's'), ('sclm', 'w'), ('sjh', 'n'), ('sjh', 'e'), ('sjh', 's'), ('sjh', 'w'), ('stgo', 's'), ('signal', 'e'), ('signal', 's'), ('marconi', 'n'), ('marconi', 'e'), ('marconi', 's'), ('marconi', 'w')]",24
Upper Bell,starr,w,33.61244314,-117.5486414,"(-117.82634139999999, 33.890143140000006)","(-117.82634139999999, 33.33474314)","[('buff', 'n'), ('buff', 'w'), ('chino', 's'), ('chino', 'w'), ('sclm', 'n'), ('sclm', 'w'), ('sjh', 'n'), ('sjh', 'w'), ('stgo', 's'), ('stgo', 'w'), ('signal', 'n'), ('signal', 'e'), ('signal', 's'), ('signal', 'w'), ('marconi', 'n'), ('marconi', 'w')]",16
Upper Talega,marconi,n,33.51912725,-117.480907,"(-117.203207, 33.79682725)","(-117.758607, 33.79682725)","[('buff', 'n'), ('buff', 'w'), ('chino', 'e'), ('chino', 's'), ('rm', 'n'), ('rm', 'w'), ('sclm', 'n'), ('sclm', 'e'), ('sjh', 'n'), ('sjh', 'e'), ('stgo', 'n'), ('stgo', 'e'), ('stgo', 's'), ('stgo', 'w'), ('signal', 'n'), ('signal', 'e'), ('starr', 'n'), ('starr', 'e'), ('starr', 's'), ('starr', 'w')]",20
Upper Talega,marconi,e,33.51912725,-117.480907,"(-117.203207, 33.241427249999994)","(-117.203207, 33.79682725)","[('bl', 'n'), ('buff', 'n'), ('buff', 'e'), ('buff', 's'), ('buff', 'w'), ('ch', 'n'), ('wc', 'n'), ('rm', 'n'), ('rm', 's'), ('rm', 'w'), ('rdd', 'n'), ('sclm', 'e'), ('sjh', 'e'), ('stgo', 'e'), ('stgo', 's'), ('starr', 'e'), ('starr', 's')]",17
Upper Talega,marconi,s,33.51912725,-117.480907,"(-117.758607, 33.241427249999994)","(-117.203207, 33.241427249999994)","[('bl', 'n'), ('bl', 'w'), ('buff', 's'), ('buff', 'w'), ('ch', 'n'), ('ch', 'w'), ('wc', 'n'), ('wc', 'w'), ('rm', 's'), ('rm', 'w'), ('rdd', 'n'), ('rdd', 'w'), ('sclm', 'e'), ('sclm', 's'), ('sjh', 'e'), ('sjh', 's'), ('stgo', 's'), ('signal', 'e'), ('signal', 's'), ('starr', 's')]",20
Upper Talega,marconi,w,33.51912725,-117.480907,"(-117.758607, 33.79682725)","(-117.758607, 33.241427249999994)","[('buff', 'w'), ('chino', 's'), ('sclm', 'n'), ('sclm', 'e'), ('sclm', 's'), ('sclm', 'w'), ('sjh', 'n'), ('sjh', 'e'), ('sjh', 's'), ('sjh', 'w'), ('stgo', 's'), ('stgo', 'w'), ('signal', 'n'), ('signal', 'e'), ('signal', 's'), ('starr', 's'), ('starr', 'w')]",17
White Star,ws,n,32.647266,-116.318014,"(-116.04031400000001, 32.924966000000005)","(-116.595714, 32.924966000000005)","[('bm', 'e'), ('bm', 's'), ('cp', 'e'), ('cp', 's'), ('pi', 'n'), ('pi', 'e'), ('lp', 'n'), ('lp', 'e'), ('mg', 'e'), ('mg', 's'), ('ml', 'n'), ('ml', 'e'), ('ml', 's'), ('ml', 'w'), ('mlo', 'n'), ('mlo', 'e'), ('mlo', 's'), ('mlo', 'w'), ('vo', 'e'), ('vo', 's')]",20
White Star,ws,e,32.647266,-116.318014,"(-116.04031400000001, 32.369566)","(-116.04031400000001, 32.924966000000005)","[('pi', 'e'), ('ml', 'e'), ('ml', 's'), ('mlo', 'e'), ('mlo', 's')]",5
White Star,ws,s,32.647266,-116.318014,"(-116.595714, 32.369566)","(-116.04031400000001, 32.369566)","[('pi', 'e'), ('pi', 's'), ('lp', 'e'), ('lp', 's'), ('ml', 's'), ('mlo', 's'), ('om', 'e')]",7
White Star,ws,w,32.647266,-116.318014,"(-116.595714, 32.924966000000005)","(-116.595714, 32.369566)","[('bm', 's'), ('cp', 's'), ('pi', 'n'), ('pi', 'e'), ('pi', 's'), ('pi', 'w'), ('lp', 'n'), ('lp', 'e'), ('lp', 's'), ('mg', 's'), ('ml', 's'), ('ml', 'w'), ('mlo', 's'), ('mlo', 'w'), ('om', 'n'), ('om', 'e'), ('vo', 's')]",17
